Minister,Date,Gift,Given or received,Who gift was given to or received from,Value,"Outcome 
(received gifts only)"
,,,,,,
,,,,,,
"The Rt Hon Ben Gummer MP, Minister for the Cabinet Office and Paymaster General ",2016-12-01,Hamper,Received,Saudi Arabian Embassy,above limit ,Held by department
,,,,,,
"Chris Skidmore MP, Parliamentary Secretary ( Minister for the Constitution) ",2016-12-01,Gold plated turtle ship ornament ,Received,South Korean Embassy ,180,Held by department
,,,,,,
Chancellor of the Duchy of Lancaster The Rt Hon Patrick McLoughlin MP,Nil Return ,,,,,
