Minister,Date,Gift,Given or received,Who gift was given to or received from,Value,"Outcome 
(received gifts only)"
The Rt Hon David Cameron,2016-04-01,Custom Shinola Men's Watch with Presidential Seal and Personalised Bison Leather Duffel Bag with Tennis Accessories,Received,"Barack Obama, President of the United States of America",Over limit,Held by Department
The Rt Hon David Cameron,2016-04-01, The Works of Shakespeare Volumes I & II - Imperial Edition (circa 1870) edited by Charles Knight and  bound in Red Morocco ,Given,"Barack Obama, President of the United States of America",Over limit,
The Rt Hon David Cameron,2016-05-01,"Hasuna necklace of aquamarine, moonstone and London blue topaz",Received,"Shinzo Abe, Prime Minister of Japan",Over limit,Held by Department
The Rt Hon David Cameron,2016-05-01,Grand Seiko Watch,Received,"Shinzo Abe, Prime Minister of Japan",Over limit,Held by Department
The Rt Hon David Cameron,2016-05-01,Mikimoto Cosmetics,Received,"Shinzo Abe, Prime Minister of Japan",Over limit,Held by Department
The Rt Hon David Cameron,2016-05-01,Mountain Equipment Frontier Jacket  and RAB Microlight Jacket,Received,"Andrew Denton, CEO Outdoor Industries Association",Over limit,Held by Department
