Minister,Date,Gift,Given or received,Who gift was given to or received from,Value,Outcome
"The Rt Hon Theresa May MP, Prime Minister",2016-10,Shoes,Received,PETA,Above limit,Held by department
"The Rt Hon Theresa May MP, Prime Minister",2016-10,Handbag,Received,Gerald and Sue Bodmer,Above limit,Held by department
"The Rt Hon Theresa May MP, Prime Minister",2016-10,Clothing,Received,Lady Jubie Wigan ,225,Purchased by PM
"The Rt Hon Theresa May MP, Prime Minister",2016-10,Jewellery,Received,Nadja Swarovski ,244,Held by department/one piece purchased by PM
"The Rt Hon Theresa May MP, Prime Minister",2016-11,Rug,Received,President Pranab Mukerjee,Above limit,Held by department
"The Rt Hon Theresa May MP, Prime Minister",2016-11,Fan,Received,Mr James Dyson,Above limit,Held by department
"The Rt Hon Theresa May MP, Prime Minister",2016-11,Silver item,Received,Michael Bloomberg,Above limit,Held by department
"The Rt Hon Theresa May MP, Prime Minister",2016-11,Shoes,Received,Ultimate Collection Ltd,Above limit,Held by department
"The Rt Hon Theresa May MP, Prime Minister",2016-11,Vanity Case,Received,"Vice Premier of the State Council, The People's Republic of China",Above limit,Held by department
"The Rt Hon Theresa May MP, Prime Minister",2016-12,Shoes,Received,Casadei Boutique London Team,Above limit,Held by department
"The Rt Hon Theresa May MP, Prime Minister",2016-12,"Pen, Silver item, Perfume set, Desk set, Silver box",Received,King of Bahrain,Above limit,Held by department
"The Rt Hon Theresa May MP, Prime Minister",2016-12,Hamper,Received,Ambassador of Saudi Arabia,Above limit,Held by department
"The Rt Hon Theresa May MP, Prime Minister",2016-12,Hamper,Received,Sultan of Brunei,Above limit,Held by department
"The Rt Hon Theresa May MP, Prime Minister",2016-12,Wine and Dates,Received,President of Algeria,Above limit,Held by department
,,,,,,
Given - Nil return,,,,,,
