Minister,Date,Gift,Given or received,Who gift was given to or received from,Value,"Outcome 
(received gifts only)"
Rt Hon Theresa May,2016-07-01,Scarf,Received,RG Fashion and Art,Over limit,Held by Department
Rt Hon Theresa May,2016-07-01,Hosiery,Received,Luxury Legs,Over limit,Purchased by Prime Minister
Rt Hon Theresa May,2016-07-01,Shoes,Received,Yull Shoes,Over limit,Held by Department
Rt Hon Theresa May,2016-07-01,Clothing,Received,Savin London,Over limit,Held by Department
Rt Hon Theresa May,2016-08-01,Travel Bag,Received,Anya Hindmarch,Over limit,Used in an official capacity
Rt Hon Theresa May,2016-08-01,Shoes,Received,Goodley Bullen PR,Over limit,Held by Department
Rt Hon Theresa May,2016-08-01,Cosmetics,Received,Transformulas,Over limit,Held by Department
Rt Hon Theresa May,2016-09-01,Handbag,Received,Daniela de Montby,Over limit,Held by Department
Rt Hon Theresa May,2016-09-01,Scarf ,Received,Halcyon Days,Over limit,Purchased by Prime Minister
Rt Hon Theresa May,2016-09-01,Early edition of new 5 pounds note ,Received,Bank of England,5,Held by Department
,,,,,,
Rt Hon David Cameron (1- 13 2016-07-01),Nil Return,,,,,
